song_title,artist,filename,id,youtube_code,peak,rms,new_p,new_r
(Everything I Do) I Do It For You,Bryan Adams,(Everything I Do) I Do It For You_Bryan Adams.mp4,283,La0IJPt0t4Q,-1.92,-16.67,0.01,-13.01
A Change Is Gonna Come,Sam Cooke,A Change Is Gonna Come_Sam Cooke.mp4,14,wEBlaMOmKV4,-1.90,-18.56,0.03,-13.03
A Day in the Life,Beatles The,A Day in the Life_Beatles The.mp4,30,usNsCeOV4GM,0.40,-16.12,0.03,-13.24
Against the Wind,Bob Seger,Against the Wind_Bob Seger.mp4,511,lB9sBvE254E,0.20,-18.30,0.03,-13.21
All of Me,John Legend,All of Me_John Legend.mp4,526,450p7goxZqg,,,,
All Too Well,Taylor Swift,All Too Well_Taylor Swift.mp4,490,r0yq_yXFQhg,-5.18,-18.40,-0.03,-13.00
Always Remember Us This Way,Lady Gaga,Always Remember Us This Way_Lady Gaga.mp4,488,6-Dci8X2Zvk,,,,
Angel,Sarah McLachlan,Angel_Sarah McLachlan.mp4,541,VLZ9Ike2Geo,0.16,-18.71,0.03,-13.39
Bad Guy,Billie Eilish,Bad Guy_Billie Eilish.mp4,530,DyDfgMOUjCI,,,,
Bleeding Love,Leona Lewis,Bleeding Love_Leona Lewis.mp4,528,Vzo-EL_62fQ,,,,
Blowin' in the Wind,Bob Dylan,Blowin' in the Wind_Bob Dylan.mp4,15,l9frfd97bMM,,,,
Bohemian Rhapsody,Queen,Bohemian Rhapsody_Queen .mp4,145,nEN5eeQbPL4,,,,
Bridge over Troubled Water,Simon and Garfunkel,Bridge over Troubled Water_Simon and Garfunkel.mp4,48,WrcwRt6J32o,,,,
Candle in the Wind,Elton John,Candle in the Wind_Elton John.mp4,184,OefdqK3jKi0,,,,
Careless Whisper,George Michael,Careless Whisper_George Michael.mp4,547,izGwDsrQ1eQ,,,,
Chan Fu,Ma Jiantao,Chan Fu_Ma Jiantao.mp4,515,GexT3LET3Ts,,,,
Cold Heart,Elton John,Cold Heart_Elton John.mp4,508,qod03PVTLqk,,,,
Comfortably Numb,Roger Waters,Comfortably Numb_Roger Waters.mp4,169,wpFo_E9Fq2k,-10.36,-29.48,-3.51,-13.99
Crazy,Patsy Cline,Crazy_Patsy Cline.mp4,85,YWKeuYcDAoo,,,,
Crazy,Patsy Cline,Crazy_Patsy Cline.mp4,100,VzV9QExGFQs,,,,
Dancing Queen,Abba,Dancing Queen_Abba .mp4,151,xFrGuyw1V8s,,,,
Desperado,Eagles The,Desperado_Eagles The.mp4,545,V_V_iEVjfzQ,,,,
Don't Stop Believin',Journey,Don't Stop Believin'_Journey .mp4,550,VcjzHMhBtf0,,,,
Don't Worry Be Happy,Bobby McFerrin,Don't Worry Be Happy_Bobby McFerrin.mp4,555,d-diB65scQU,,,,
Dreams,Fleetwood Mac,Dreams_Fleetwood Mac .mp4,527,v4fH2G0DclA,,,,
Dust in the Wind,Kansas,Dust in the Wind_Kansas .mp4,543,tH2w6Oxx0kQ,,,,
End Of The Road,Boyz II Men,End Of The Road_Boyz II Men .mp4,534,zDKO6XYXioc,,,,
Eternal Flame,The Bangles,Eternal Flame_The Bangles.mp4,509,YpGs0grxfvU,,,,
Every Breath You Take,Police The,Every Breath You Take_Police The.mp4,84,OMOGaugKpzs,,,,
Faded,Alan Walker,Faded_Alan Walker.mp4,498,yr8LpXvtrhQ,,,,
Family Affair,Mary J.Blige,Family Affair_Mary J.Blige.mp4,134,xag5RKD0VHk,,,,
Family Affair,Mary J.Blige,Family Affair_Mary J.Blige.mp4,531,znlFu_lemsU,,,,
Fast Car,Tracy Chapman,Fast Car_Tracy Chapman.mp4,146,JpscHOoGIqQ,,,,
Fire and Rain,James Taylor,Fire and Rain_James Taylor.mp4,317,EbD7lfrsY2s,,,,
Flowers,Miley Cyrus,Flowers_Miley Cyrus.mp4,491,Sok3OorM9w8,,,,
Forever Young,UNDRESSD,Forever Young_UNDRESSD .mp4,496,7c5S50Eh36k,,,,
Girl on Fire,Alicia Keys,Girl on Fire_Alicia Keys.mp4,529,J91ti_MpdHA,,,,
Girls Just Want To Have Fun,Cyndi Lauper,Girls Just Want To Have Fun_Cyndi Lauper.mp4,551,PIb6AZdTr-A,,,,
Hallelujah,Jeff Buckley,Hallelujah_Jeff Buckley.mp4,192,y8AWFf7EAc4,,,,
Here Comes The Sun,Beatles The,Here Comes The Sun_Beatles The.mp4,546,KQetemT1sWc,,,,
Hey Jude,Beatles The,Hey Jude_Beatles The.mp4,9,bkApuQWCPdM,,,,
Home,Michael Buble,Home_Michael Buble.mp4,521,1EfmsubBc-U,,,,
Hotel California,Eagles The,Hotel California_Eagles The.mp4,49,VgVa2ep-3AQ,,,,
How Do I Live,LeAnn Rimes,How Do I Live_LeAnn Rimes.mp4,540,MUFasKZcH_c,,,,
I Hate Myself for Loving You,Joan Jett and the Blackhearts,I Hate Myself for Loving You_Joan Jett and the Blackhearts .mp4,510,bpNw7jYkbVc,,,,
I Love You,Vanny Vabiola,I Love You_Vanny Vabiola.mp4,519,z1fq-KhPg4E,,,,
I Will Always Love You,Whitney Houston,I Will Always Love You_Whitney Houston.mp4,282,3JWTaaS7LdU,,,,
I'd Rather Go Blind,Etta James,I'd Rather Go Blind_Etta James.mp4,548,rmREDIEePBU,-4.91,-28.01,0.03,-14.30
I'll Be Missing You,Puff Daddy & Faith Evans,I'll Be Missing You_Puff Daddy & Faith Evans .mp4,288,tJalXjMXqhc,,,,
Imagine,John Lennon,Imagine_John Lennon.mp4,5,VOgFZfRVaww,,,,
Just Give Me A Reason,P!nk,Just Give Me A Reason_P!nk .mp4,539,OpQFFLBMEPI,,,,
Karma Chameleon,Culture Club,Karma Chameleon_Culture Club .mp4,556,JmcA9LIIXWw,,,,
Knockin’ on Heaven’s Door,Bob Dylan,Knockin’ on Heaven’s Door_Bob Dylan.mp4,234,rm9coqlk8fY,,,,
Let Her Go,Passenger,Let Her Go_Passenger .mp4,493,xv1EprTdgBE,,,,
Life for Rent,Dido,Life for Rent_Dido .mp4,500,Bwt9GZmAWKo,,,,
Like a Rolling Stone,Bob Dylan,Like a Rolling Stone_Bob Dylan.mp4,1,IwOfCgkyEj0,,,,
Massachusetts,Bee Gees,Massachusetts_Bee Gees .mp4,554,FuoWykVNwyI,,,,
Me and Bobby McGee,Janis Joplin,Me and Bobby McGee_Janis Joplin.mp4,137,5Cg-j0X09Ag,,,,
Mei Chu Xi,Wang Luo Ge Shou,Mei Chu Xi_Wang Luo Ge Shou.mp4,517,D--sPRrefn8,,,,
Memories,Maroon 5,Memories_Maroon 5 .mp4,516,SlPhMPnQ58k,,,,
More Than Words,Extreme,More Than Words_Extreme .mp4,502,UrIiLvg58SY,,,,
Mr. Tambourine Man,Bob Dylan,Mr. Tambourine Man_Bob Dylan.mp4,79,NyOzGPbn2tg,,,,
Mr. Tambourine Man,Bob Dylan,Mr. Tambourine Man_Bob Dylan.mp4,109,oecX_1pqxk0,,,,
Need You Now,Antebellum Lady,Need You Now_Antebellum Lady.mp4,524,eM213aMKTHg,,,,
"No Woman, No Cry",Bob Marley and the Wailers,"No Woman, No Cry_Bob Marley and the Wailers .mp4",37,mZ6VezKMoRY,,,,
One More Night,Maroon 5,One More Night_Maroon 5 .mp4,522,fwK7ggA3-bU,,,,
One Night In Bangkok,Murray Head,One Night In Bangkok_Murray Head.mp4,542,rgc_LRjlbTU,,,,
Opalite,Taylor Swift,Opalite_Taylor Swift.mp4,504,DN0G0Lbj6os,,,,
Peaceful Easy Feeling,Eagles The,Peaceful Easy Feeling_Eagles The.mp4,513,J0wqKxfyH8M,,,,
People Get Ready,Rod Stewart,People Get Ready_Rod Stewart.mp4,26,l04yM7-BWbg,,,,
People Get Ready,Rod Stewart,People Get Ready_Rod Stewart.mp4,549,yC_j_dzkaVE,,,,
Perfect,Ed Sheeran,Perfect_Ed Sheeran.mp4,487,9H_sZO0yJKs,2.45,-9.09,-2.46,-14.00
Rolling in the Deep,Adele,Rolling in the Deep_Adele .mp4,536,rYEDA3JcQqw,,,,
See You Again,Wiz Khalifa,See You Again_Wiz Khalifa.mp4,514,RgKAFK5djSk,,,,
Shallow,Lady Gaga,Shallow_Lady Gaga.mp4,492,bo_efYhYU2A,,,,
Shape of You,Ed Sheeran,Shape of You_Ed Sheeran.mp4,503,JGwWNGJdvx8,,,,
Smells Like Teen Spirit,Nirvana,Smells Like Teen Spirit_Nirvana .mp4,11,hTWKbfoikeg,,,,
Smooth Operator,Sade,Smooth Operator_Sade .mp4,278,4TYv2PhG89A,,,,
Somebody That I Used To Know,Gotye,Somebody That I Used To Know_Gotye .mp4,298,8UVNT4wvIGY,,,,
Someone Like You,Adele,Someone Like You_Adele .mp4,523,hLQl3WQQoQ0,,,,
Someone You Loved,Lewis Capaldi,Someone You Loved_Lewis Capaldi.mp4,486,FGGo8LFmbjs,0.52,-11.85,-1.63,-14.00
Stairway to Heaven,Led Zeppelin,Stairway to Heaven_Led Zeppelin .mp4,41,9pVH4XDHzx8,,,,
Stan,Eminem feat. Dido,Stan_Eminem feat. Dido .mp4,395,gOMhN-hfMtY,,,,
Streets of London,Ralph McTell,Streets of London_Ralph McTell.mp4,558,SpLMpu2-MXo,,,,
Sunflower,Post Malone,Sunflower_Post Malone.mp4,518,ApXoWvfEYVU,,,,
Take It Easy,Eagles The,Take It Easy_Eagles The.mp4,544,AaBw37-nWaY,,,,
Tears in Heaven,Eric Clapton,Tears in Heaven_Eric Clapton.mp4,191,HF-e4VWxeqE,,,,
Tequila Sunrise,Eagles The,Tequila Sunrise_Eagles The.mp4,512,1AfcJ8g1LBE,,,,
Thank You,Dido,Thank You_Dido .mp4,507,1TO48Cnl66w,,,,
The Fate of Ophelia,Taylor Swift,The Fate of Ophelia_Taylor Swift.mp4,505,lZEf_izPCfY,,,,
The Older I Get,Alan Jackson,The Older I Get_Alan Jackson.mp4,484,VfJcC5bzNAQ,,,,
The Sound of Silence,Simon and Garfunkel,The Sound of Silence_Simon and Garfunkel .mp4,179,NAEppFUWLfc,,,,
The Times They Are A-Changing,Bob Dylan,The Times They Are A-Changing_Bob Dylan.mp4,59,90WD_ats6eE,,,,
Thinking Out Loud,Ed Sheeran,Thinking Out Loud_Ed Sheeran.mp4,494,H9kcLTStfpQ,,,,
Time of Our LIves,Zhao Lei,Time of Our LIves_Zhao Lei.mp4,520,LH_0lvSWh-k,,,,
Total Eclipse of the Heart (Turn Around),Bonnie Tyler,Total Eclipse of the Heart (Turn Around)_Bonnie Tyler.mp4,538,lcOxhH8N3Bo,,,,
Un-Break My Heart,Toni Braxton,Un-Break My Heart_Toni Braxton.mp4,535,p2Rch6WvPJE,,,,
What A Wonderful World,Louis Armstrong,What A Wonderful World_Louis Armstrong.mp4,553,rBrd_3VMC3c,,,,
What's Going On,Marvin Gaye,What's Going On_Marvin Gaye.mp4,6,H-kA3UtBj4M,,,,
What's Up,4 Non Blondes,What's Up_4 Non Blondes .mp4,497,6NXnxTNIWkc,,,,
White Flag,Dido,White Flag_Dido .mp4,499,j-fWDrZSiZs,,,,
Whiter Shade of Pale,Procol Harum,Whiter Shade of Pale_Procol Harum .mp4,57,_BADDeIQWVQ,,,,
Wild Horses,Rolling Stones The,Wild Horses_Rolling Stones The.mp4,186,nY_GgPi5eCM,,,,
Wish You Were Here,Pink Floyd,Wish You Were Here_Pink Floyd .mp4,170,6qQjvWXrNkg,,,,
With A Little Help From My Friends,Joe Cocker,With A Little Help From My Friends_Joe Cocker.mp4,552,rr0X1wJ7lx8,,,,
Wonderful Tonight,Eric Clapton,Wonderful Tonight_Eric Clapton.mp4,260,vUSzL2leaFM,,,,
Yellow,Coldplay,Yellow_Coldplay .mp4,557,yKNxeF4KMsY,,,,
Yesterday,Beatles The,Yesterday_Beatles The.mp4,16,fCV9oqtwyVA,,,,
You’re Still The One,Shania Twain,You’re Still The One_Shania Twain.mp4,533,KNZH-emehxA,,,,
Your Man,Josh Turner,Your Man_Josh Turner.mp4,495,nADTbWQof7Y,,,,
You're Beautiful,James Blunt,You're Beautiful_James Blunt.mp4,506,oofSnsGkops,,,,
You've got a friend,Carole King,You've got a friend_Carole King.mp4,244,Hnu53l7brEE,,,,
Zombie,Cranberries The,Zombie_Cranberries The.mp4,525,6Ejga4kJUts,,,,
